"id","lane","type","current text","approve (Y/N)","Eric's edit"
"truth:updown.chair","me/loved","truth","Strength {you} can reach from a wall is strength {you} will actually use.","",""
"truth:updown.floor","me/loved","truth","The floor stops being a worry when getting up from it is something {you} practice.","",""
"truth:updown.car","me/loved","truth","A movement {you} rehearse at home is a movement {you} stop thinking about in the parking lot.","",""
"truth:updown.stairs","me/loved","truth","Every flight of stairs is a set of single steps {you} already know how to do.","",""
"truth:steady.falling","me/loved","truth","Feeling steady comes from practicing being steady, with something to hold while {you} learn.","",""
"truth:steady.turning","me/loved","truth","Reaching gets steadier when {you} practice reaching, not when {you} avoid it.","",""
"truth:steady.outside","me/loved","truth","Uneven ground is easier for feet that have practiced shifting weight on purpose.","",""
"truth:steady.dressing","me/loved","truth","Standing on one foot is a small skill that quietly protects a lot of {your} day.","",""
"truth:reach.shelves","me/loved","truth","Reach comes back a row at a time when {you} have something to reach for.","",""
"truth:reach.hair","me/loved","truth","Small, daily reaches keep the shoulder ready for the small, daily things.","",""
"truth:reach.dressing","me/loved","truth","Getting dressed is a set of reaches, and every one of them can be practiced.","",""
"truth:reach.morning","me/loved","truth","A stiff shoulder wants slow motion, not rest, and the wall makes slow motion easy.","",""
"truth:stiff.mornings","me/loved","truth","Stiffness lifts fastest when the first movement of the day is slow and supported.","",""
"truth:stiff.sitting","me/loved","truth","The stiffness of sitting comes undone with the movement sitting took away.","",""
"truth:stiff.lowback","me/loved","truth","A back that moves a little every day stays a back that can move.","",""
"truth:stiff.hipsknees","me/loved","truth","Stiff hips and knees usually want more movement, not less, with something to hold.","",""
"truth:ahead.grandkids","me/loved","truth","Staying ahead means practicing the things {you} can still do, so {you} keep doing them.","",""
"truth:ahead.travel","me/loved","truth","A body that trains for the trip enjoys the trip.","",""
"truth:ahead.sport","me/loved","truth","The movements a sport neglects are the ones that end up deciding how long {you} play it.","",""
"truth:ahead.home","me/loved","truth","Independence at home rests on a handful of movements {you} can keep practicing.","",""
"truth:space.newloc","clinic","truth","Floor space is the first equipment decision a clinic makes.","",""
"truth:space.satellite","clinic","truth","A small clinic is not a compromise when the wall does the work.","",""
"truth:space.peak","clinic","truth","Throughput at peak is a floor-plan problem before it is a staffing problem.","",""
"truth:cost.replace","clinic","truth","Equipment that does six jobs is cheaper to own than six pieces that do one.","",""
"truth:cost.budget","clinic","truth","The cheapest station is the one that covers the most programs.","",""
"truth:cost.station","clinic","truth","A wall is the last unused floor space in most clinics.","",""
"truth:homeprog.discharge","clinic","truth","Patients keep doing what they can do at home with the same handholds they used in the clinic.","",""
"truth:homeprog.noequip","clinic","truth","A handhold changes what a patient is willing to try alone.","",""
"truth:homeprog.forget","clinic","truth","A program written in rows and landmarks is a program a patient can follow.","",""
"truth:throughput.waiting","clinic","truth","A station that changes with a band swap keeps the floor moving.","",""
"truth:throughput.onetoone","clinic","truth","A self-explaining station returns clinician minutes to the people who need them.","",""
"truth:throughput.groups","clinic","truth","Groups run smoothly when everyone is looking at the same wall.","",""
"truth:area.comeback","me/loved","truth","A comeback that is practiced a little every day is a comeback that holds.","",""
"truth:area.surgery","mil","truth","Recovery moves forward on small, repeatable practice with something steady to hold.","",""
"truth:area.chronic","mil","truth","Managing a condition is mostly the habit of moving anyway, gently, with a handhold.","",""
"truth:area.ready","mil","truth","Readiness is built in the small sessions between the big ones.","",""
"truth:area.transition","mil","truth","A routine that fits on one wall is a routine that survives a move.","",""
"truth:area.prevent","athlete","truth","Athletes stay healthy on the control work they do when no one is watching.","",""
"truth:area.mobility","athlete","truth","Range comes back when {you} can measure it, and the board makes it measurable.","",""
"truth:area.rtp","athlete","truth","Returning to play is a ladder, and the board gives {you} the rungs.","",""
"truth:area.recovery","athlete","truth","Recovery is active when it is gentle and on purpose.","",""
"try:updown:name","me/loved","try today","Slow sit-to-stand","",""
"try:updown:step:1","me/loved","try today","Sit toward the front of a firm chair, feet flat and slightly back.","",""
"try:updown:step:2","me/loved","try today","Lean forward, nose over toes, and stand up slowly.","",""
"try:updown:step:3","me/loved","try today","Sit back down just as slowly. Five times.","",""
"try:updown:note","me/loved","try today","Use the chair arms only if {you} need them.","",""
"try:steady:name","me/loved","try today","Kitchen-counter weight shift","",""
"try:steady:step:1","me/loved","try today","Stand at the counter with both hands resting on it.","",""
"try:steady:step:2","me/loved","try today","Shift {your} weight slowly to the left foot, pause, then to the right.","",""
"try:steady:step:3","me/loved","try today","Ten shifts. Then try with fingertips only.","",""
"try:steady:note","me/loved","try today","Keep the counter within reach the whole time.","",""
"try:reach:name","me/loved","try today","Doorway climb","",""
"try:reach:step:1","me/loved","try today","Stand facing a door frame. Rest {your} fingertips on it at shoulder height.","",""
"try:reach:step:2","me/loved","try today","Walk {your} fingers up the frame as far as feels comfortable.","",""
"try:reach:step:3","me/loved","try today","Hold for a breath and walk them back down. Six times each arm.","",""
"try:reach:note","me/loved","try today","Stop below any pinch at the top.","",""
"try:stiff:name","me/loved","try today","Standing hinge","",""
"try:stiff:step:1","me/loved","try today","Stand with a hand on the back of a chair.","",""
"try:stiff:step:2","me/loved","try today","Push {your} hips back and let {your} chest come forward, back long.","",""
"try:stiff:step:3","me/loved","try today","Return to tall. Eight slow reps.","",""
"try:stiff:note","me/loved","try today","Small range is fine. It is about motion, not depth.","",""
"try:comeback:name","me/loved","try today","Breathing and a gentle march","",""
"try:comeback:step:1","me/loved","try today","Stand with a hand on a wall.","",""
"try:comeback:step:2","me/loved","try today","Breathe out slowly and lift one knee a few inches. Lower it.","",""
"try:comeback:step:3","me/loved","try today","Alternate for one minute.","",""
"try:comeback:note","me/loved","try today","Only within what {your} clinician has cleared.","",""
"try:ahead:name","me/loved","try today","One-minute single-leg stand","",""
"try:ahead:step:1","me/loved","try today","Stand beside a counter with one hand on it.","",""
"try:ahead:step:2","me/loved","try today","Lift one foot an inch off the floor and hold for up to thirty seconds.","",""
"try:ahead:step:3","me/loved","try today","Switch feet. Repeat once.","",""
"try:ahead:note","me/loved","try today","Lighten the hand as it gets easier.","",""
"try:surgery:name","mil","try today","Breathing and a gentle march","",""
"try:surgery:step:1","mil","try today","Stand with a hand on a wall.","",""
"try:surgery:step:2","mil","try today","Breathe out slowly and lift one knee a few inches. Lower it.","",""
"try:surgery:step:3","mil","try today","Alternate for one minute.","",""
"try:surgery:note","mil","try today","Only within what {your} provider has cleared.","",""
"try:chronic:name","mil","try today","Wall sway","",""
"try:chronic:step:1","mil","try today","Stand with both hands flat on a wall, feet hip-width apart.","",""
"try:chronic:step:2","mil","try today","Sway {your} hips gently side to side, then in a slow circle.","",""
"try:chronic:step:3","mil","try today","One minute, easy breathing.","",""
"try:chronic:note","mil","try today","Keep the movement small and comfortable.","",""
"try:ready:name","mil","try today","Wall split squat","",""
"try:ready:step:1","mil","try today","Stand a long step from a wall, one foot forward, hand on the wall.","",""
"try:ready:step:2","mil","try today","Lower straight down until the back knee is near the floor.","",""
"try:ready:step:3","mil","try today","Drive back up. Eight each side.","",""
"try:ready:note","mil","try today","Keep the front knee over the foot.","",""
"try:transition:name","mil","try today","Doorway chest opener","",""
"try:transition:step:1","mil","try today","Stand in a doorway with forearms on the frame at shoulder height.","",""
"try:transition:step:2","mil","try today","Step one foot through until {you} feel a stretch across the chest.","",""
"try:transition:step:3","mil","try today","Hold for five slow breaths. Twice.","",""
"try:transition:note","mil","try today","Ease off if the shoulder pinches.","",""
"try:prevent:name","athlete","try today","Single-leg reach","",""
"try:prevent:step:1","athlete","try today","Stand on one leg beside a wall, one hand hovering near it.","",""
"try:prevent:step:2","athlete","try today","Reach the other foot forward, to the side and behind, tapping the floor lightly.","",""
"try:prevent:step:3","athlete","try today","Five rounds each leg.","",""
"try:prevent:note","athlete","try today","Touch the wall whenever {you} need it.","",""
"try:mobility:name","athlete","try today","Doorway climb","",""
"try:mobility:step:1","athlete","try today","Stand facing a door frame. Rest {your} fingertips on it at shoulder height.","",""
"try:mobility:step:2","athlete","try today","Walk {your} fingers up the frame as far as feels comfortable.","",""
"try:mobility:step:3","athlete","try today","Hold for a breath and walk them back down. Six times each arm.","",""
"try:mobility:note","athlete","try today","Stop below any pinch at the top.","",""
"try:rtp:name","athlete","try today","Controlled step-down","",""
"try:rtp:step:1","athlete","try today","Stand on the bottom stair with a hand on the rail.","",""
"try:rtp:step:2","athlete","try today","Lower one heel toward the floor slowly, then push back up.","",""
"try:rtp:step:3","athlete","try today","Six each side.","",""
"try:rtp:note","athlete","try today","Only within what {your} clinician has cleared.","",""
"try:recovery:name","athlete","try today","Wall sway","",""
"try:recovery:step:1","athlete","try today","Stand with both hands flat on a wall, feet hip-width apart.","",""
"try:recovery:step:2","athlete","try today","Sway {your} hips gently side to side, then in a slow circle.","",""
"try:recovery:step:3","athlete","try today","One minute, easy breathing.","",""
"try:recovery:note","athlete","try today","Keep it easy. This is a recovery day.","",""
"week:1","all","week note","Week 1: learn the setup. Two movements, both hands on the rail, easy band.","",""
"week:2","all","week note","Week 2: add the third movement. Keep the rail, add a few reps.","",""
"week:3","all","week note","Week 3: the full set. One hand on the rail where {you} can.","",""
"week:4","all","week note","Week 4: the harder version of each movement, still with a handhold nearby.","",""
"question:me:1","me","question","Is there anything in my history that changes which of these movements I should start with?","",""
"question:me:2","me","question","How many days a week is a good starting point for me?","",""
"question:me:3","me","question","What should I notice that means I should stop and check in with you?","",""
"question:me:4","me","question","Which of these would you progress first, and how?","",""
"question:me:5","me","question","Is a wall-mounted board with a rail a good fit for my home program?","",""
"question:loved:1","loved","question","Is there anything in their history that changes which of these movements they should start with?","",""
"question:loved:2","loved","question","How many days a week is a good starting point for them?","",""
"question:loved:3","loved","question","What should we watch for that means they should stop and check in with you?","",""
"question:loved:4","loved","question","Should someone be with them when they practice, at least at first?","",""
"question:loved:5","loved","question","Is a wall-mounted board with a rail a good fit for their home program?","",""
"question:mil:1","mil","question","Does anything in my service-connected history change which of these movements I should start with?","",""
"question:mil:2","mil","question","Can this plan be added to my VA home exercise program?","",""
"question:mil:3","mil","question","How many days a week is a good starting point?","",""
"question:mil:4","mil","question","What should I notice that means I should stop and check in?","",""
"question:mil:5","mil","question","Would a wall-mounted board with a rail be appropriate for my home program?","",""
"question:clinic:1","clinic","question","Which of our current home programs would transfer to a numbered-row wall board?","",""
"question:clinic:2","clinic","question","Which patient groups would you assign to it first?","",""
"question:clinic:3","clinic","question","How would we document row and band progressions in our notes?","",""
"question:clinic:4","clinic","question","Where on the floor plan would a three-by-three-foot station open up the most time?","",""
"question:athlete:1","athlete","question","Does anything in my injury history change which of these movements I should start with?","",""
"question:athlete:2","athlete","question","How should this fit around my current training load?","",""
"question:athlete:3","athlete","question","What should I notice that means I should back off?","",""
"question:athlete:4","athlete","question","Which of these would you progress first, and how?","",""
"exercise:shoulder-pull-apart","all","exercise","Band pull-apart","",""
"exercise:shoulder-wall-slide","all","exercise","Wall reach and slide","",""
"exercise:arm-row","all","exercise","Standing row","",""
"exercise:arm-overhead-hold","all","exercise","Overhead reach hold","",""
"exercise:core-press-out","all","exercise","Anti-rotation press","",""
"exercise:core-hinge","all","exercise","Hip hinge with the rail","",""
"exercise:hip-side-step","all","exercise","Side step with the rail","",""
"exercise:hip-opener","all","exercise","Standing hip opener","",""
"exercise:knee-sit-to-stand","all","exercise","Rail-assisted mini squat","",""
"exercise:knee-march","all","exercise","Supported march","",""
"exercise:ankle-heel-raise","all","exercise","Heel raise with the rail","",""
"exercise:ankle-rock","all","exercise","Ankle rock","",""
"exercise:balance-single-leg","all","exercise","Single-leg stand with the rail","",""
"exercise:balance-tandem","all","exercise","Tandem stance","",""
"exercise:balance-weight-shift","all","exercise","Side-to-side weight shift","",""
